<?xml version="1.0" encoding="UTF-8" standalone="yes"?>
<addon
	id="script.bigbrother"
	version="1.0.2"
	name="Big Brother Live Feeds"
	provider-name="liquid8d">

	<requires>
		<import addon="xbmc.python" version="2.0"/>
	</requires>

	<extension point="xbmc.python.script"
		defaultresolution="720p"
		defaultresolutionwide="720p"
		library="default.py"/>

	<extension point="xbmc.addon.metadata">
		<platform>all</platform>
		<minversion>35647</minversion>
		<summary lang="en">Watch Big Brother Live Feeds</summary>
		<description lang="en">Watch Big Brother Live Feeds *Requires valid CBS subscription.</description>
	</extension>
</addon>
