<?xml version="1.0" encoding="UTF-8"?>
<addon
  id="plugin.video.jodiariastrial"
  name="Jodi Arias Trial"
  version="1.0.2"
  provider-name="liquid8d">
  <requires>
   <import addon="xbmc.python" version="2.1.0"/>
  </requires>
  <extension 
    point="xbmc.python.pluginsource"
    library="default.py">
   <provides>video</provides>
  </extension>
  <extension point="xbmc.addon.metadata">
    <summary lang="en">Jodi Arias Trial</summary>
    <description lang="en">Watch the Jodia Arias trial live and uncensored</description>
    <platform>all</platform>
	<email>liquid8d@gmail.com</email>
  </extension>
</addon>